资源库文件为网络文件,我们不提供存储服务,只提供链接

业余无线电学习资料,A类业余无线电台操作证书考试题库 .pdf
业余无线电学习资料,B类业余无线电台操作证书考试题库.pdf
业余无线电学习资料,C类业余无线电台操作证书考试题库.pdf
业余无线电学习资料,业余无线电通信（第五版）.pdf
操作系统学习资料,10软件包管理.pdf
操作系统学习资料,11磁盘存储和文件系统.pdf
操作系统学习资料,12网络管理.pdf
操作系统学习资料,13进程和计划任务.pdf
操作系统学习资料,1计算机基础知识.pdf
操作系统学习资料,2Linux基础.pdf
操作系统学习资料,3文件管理.pdf
操作系统学习资料,4标准IO和管道.pdf
操作系统学习资料,5用户组和权限管理.pdf
操作系统学习资料,6文本处理工具.pdf
操作系统学习资料,7shell脚本编程基础.pdf
操作系统学习资料,8文件查找和压缩.pdf
操作系统学习资料,9文本处理工具sed.pdf
操作系统学习资料,Android第一行代码.pdf
操作系统学习资料,"C++ Primer, 5th Edition(1).pdf"
操作系统学习资料,C++程序设计语言(中文版).pdf
操作系统学习资料,CPU自制入门 ((日)水头一寿等) .pdf
操作系统学习资料,Elementary-Number-Theory-and-Its-Applications-1986.pdf
操作系统学习资料,firewalld的基本使用.pdf
操作系统学习资料,Linux &Windows应急响应手册.pdf
操作系统学习资料,Linux命令行与shell脚本编程大全.pdf
操作系统学习资料,Linux命令行大全.pdf
操作系统学习资料,Linux基础篇-.ppt
操作系统学习资料,Linux学习笔记.pdf
操作系统学习资料,Linux实用技术阅读手册.pdf
操作系统学习资料,Linux就该这么学.pdf
操作系统学习资料,Linux常用命令详解(配合示例说明-清晰易懂).pdf
操作系统学习资料,Linux服务器安全防护措施.pdf
操作系统学习资料,Linux服务器配置全程实录.张勤，杨章明(1).pdf
操作系统学习资料,Linux私房菜+基础学习篇.pdf
操作系统学习资料,Linux运维之道.pdf
操作系统学习资料,Linux运维入门到高级全套系列.pdf
操作系统学习资料,Mathematics of Public Key Cryptography.  Version 2.0.pdf
操作系统学习资料,TCP IP路由技术.pdf
操作系统学习资料,TCP+IP协议内核源码分析.pdf
操作系统学习资料,TCPIP基本原理与UNIX网络服务 清华大学.pdf
操作系统学习资料,the-site-reliability-workbook-next18.pdf
操作系统学习资料,unixV6V7.rar
操作系统学习资料,WindowsServer2016管理员操作手册.pdf
操作系统学习资料,Windows基础.ppt
操作系统学习资料,华为基础技能-网络基础与实践.pdf
操作系统学习资料,服务器.pdf
操作系统学习资料,树莓派学习指南（基于Linux）.pdf
操作系统学习资料,浙大硕士论文 TCPIP网络互连及异种数据库互访.pdf
操作系统学习资料,深入分析Linux内核源码.chm
操作系统学习资料,细说firewalld和iptables.pdf
操作系统学习资料,计算机组成与设计：硬件、软件接口.pdf
操作系统学习资料,超级方便的Linux命令手册.pdf
操作系统学习资料,运维必知必会的监控知识体系全梳理.pdf
操作系统学习资料,鸟哥 Linux 私房菜：基础版.pdf
操作系统学习资料,鸟哥的Linux私房菜-基础学习篇.pdf
操作系统学习资料,鸟哥的Linux私房菜-服务器架设篇.pdf
操作系统学习资料,鸟哥的Linux私房菜第四版v2.0.pdf
电子技术学习资料,CPU自制入门（中文版）.epub
电子技术学习资料,PADSVX.2从零开始做工程之高速PCB设计.pdf
电子技术学习资料,信号与系统 第二版 (艾伦V.奥本海姆) (z-lib.org).pdf
电子技术学习资料,半导体物理与器件 （第三版） (赵毅强，姚素英，解晓东) (z-lib.org).pdf
电子技术学习资料,微波技术基础.pdf
电子技术学习资料,数字信号处理教程 第四版 (程佩青) (z-lib.org).pdf
电子技术学习资料,数字逻辑电路 张文超主编.pdf
电子技术学习资料,数字逻辑电路与系统设计.pdf
电子技术学习资料,模拟和数字电子电路基础 by Anant Agarwal Jeffrey H.Lang YU XIN JIE ZHU GUI PING LIU XIU CHENG (z-lib.org).pdf
电子技术学习资料,模拟电子电路学习教程.pdf
电子技术学习资料,滤波器设计教程.pdf
电子技术学习资料,电子技术基础.pdf
电子技术学习资料,电子线路设计.pdf
电子技术学习资料,电磁场与电磁波.pdf
电子技术学习资料,通信原理.pdf
电子技术学习资料,通信原理（第7版） [Principles of Communications (The Seventh Edition)] (樊昌信，曹丽娜编著) (z-lib.org).pdf
电子技术学习资料,锁相技术.pdf
电子技术学习资料,高速电路设计实践.pdf
电子技术学习资料,高频电子线路 第3版 (曾兴雯) (z-lib.org).pdf
电子技术学习资料,高频电子线路.pdf
"c,c++,汇编",21天学通c++_第7版.pdf
"c,c++,汇编",756232 C语言小白变怪兽电子版.pdf
"c,c++,汇编",C C++程序缺陷与优化.pdf
"c,c++,汇编",C Primer Plus(第6版)(中文版).epub
"c,c++,汇编","C Primer Plus（第6版）中文版 (（美）史蒂芬·普拉达（Stephen Prata）[著], 姜佑[译]) (z-lib.org).pdf"
"c,c++,汇编",C 反汇编与逆向分析技术揭秘.pdf
"c,c++,汇编",C++  Qt设计模式（第2版）.pdf
"c,c++,汇编","C++ Primer (Stanley B. Lippman, Josée Lajoie etc.) (z-lib.org).pdf"
"c,c++,汇编",C++ Primer Plus 第6版 中文版 (Stephen Prata) (z-lib.org).pdf
"c,c++,汇编",C++ STL标准程序库开发指南.第2版.闫常友.pdf
"c,c++,汇编","C++11_14高级编程 Boost程序库探秘, 3rd.pdf"
"c,c++,汇编","C++20 for Lazy Programmers Quick, Easy, and Fun C++ for Beginners - Will Briggs.pdf"
"c,c++,汇编",C++并发编程实战(中文版).pdf
"c,c++,汇编",C++标准模板库编程实战.pdf
"c,c++,汇编",C++游戏编程入门  第4版.pdf
"c,c++,汇编",C++项目开发实战入门.pdf
"c,c++,汇编",Concurrency with Modern C++ - Rainer Grimm.pdf
"c,c++,汇编",C专家编程 清晰 （有书签索引）LinuxIDC.com整理.pdf
"c,c++,汇编",C和指针.pdf
"c,c++,汇编",C陷阱与缺陷(中文版清晰版).pdf
"c,c++,汇编",desktop.ini
"c,c++,汇编",Expert C++ Become a proficient programmer by learning coding best practices with C++17 and C++20s latest features - Vardan Grigo.pdf
"c,c++,汇编","Hands-On Machine Learning with C++ Build, train, and deploy end-to-end machine learning and deep learning pipelines - Kirill Kol.pdf"
"c,c++,汇编",Node.js 来一打C  扩展_死月(著)  电子工业出版社.pdf
"c,c++,汇编","《C++反汇编与逆向分析技术揭秘》.(钱林松,赵海旭).[PDF]&ckook.pdf"
"c,c++,汇编",《现代C++白皮书》电子版.pdf
"c,c++,汇编",林锐·高质量C 编程指南.pdf
"c,c++,汇编",汇编语言1.pdf
"c,c++,汇编",汇编语言（第4版） (王爽) (z-lib.org).pdf
"c,c++,汇编",简明X86汇编语言教程.pdf
"c,c++,汇编",编码的法则 C++程序员不可不知的101条实用经验_刘光编.pdf
"c,c++,汇编",零基础学C+++第2版+(零基础学编程).epub
"c,c++,汇编",高级C_C++编译技术.pdf
html&php,CSS 3.0参考手册.chm
html&php,CSS3.0（腾讯ISD版）.chm
html&php,CSS3.0（飘零雾雨版）.chm
html&php,css开发者手册.chm
html&php,HTML5（W3CSchool版）.chm
html&php,PHP基础教程（第4版）.pdf
html&php,W3CSchool.chm
html&php,《HTML5从入门到精通》中文PDF文字版.pdf
html&php,《JavaScript从入门到精通（第2版）》.( (美)Steve Suehring).[PDF].&ckook.pdf
html&php,《JavaScript从入门到精通（第2版）》.( (美)Steve Suehring).[PDF].&ckook.tmp
html&php,《PHP从入门到精通(第3版)》.(明日科技).[PDF]@ckook.pdf
html&php,《PHP从入门到精通(第3版)》.pdf
java,JAVA并发编程实践.pdf
java,Java并发编程的艺术.pdf
java,Java核心技术 卷Ⅰ 基础知识(第8版).pdf
java,Java核心技术 卷Ⅱ 高级特性(第8版).pdf
java,JAVA核心知识点整理.pdf
java,Java编程思想第4版.pdf
python,树莓派Python编程指南.pdf
sql,零基础学SQL.pdf
算法,机器学数学.pdf
算法,正则表达式深入浅出.pdf
算法,算法图解.pdf
算法,算法导论.pdf
算法,算法导论_原书第3版_chs.pdf
算法,算法导论_扫描.pdf
算法,算法竞赛入门经典（第2版） (刘汝佳) (z-lib.org).pdf
网络空间全学习资料,0day安全第二版.pdf
网络空间全学习资料,7天精通黑客攻防.pdf
网络空间全学习资料,Android APP渗透测试方法大全.pdf
网络空间全学习资料,Android安全攻防实战.pdf
网络空间全学习资料,Android恶意代码分析与渗透测试.pdf
网络空间全学习资料,Android渗透测试入门教程_IT168文库.pdf
网络空间全学习资料,Android软件安全与逆向分析.pdf
网络空间全学习资料,Android逆向与病毒分析.pdf
网络空间全学习资料,android逆向菜鸟速参手册完蛋版.pdf
网络空间全学习资料,Attacking_Network.pdf
网络空间全学习资料,BACKTRACK4利用渗透测试保证系统安全.pdf
网络空间全学习资料,BurpSuite 实战指南.pdf
网络空间全学习资料,CCNA学习指南中文版（第六版）.pdf
网络空间全学习资料,Cisco局域网交换机安全.pdf
网络空间全学习资料,Cisco网络黑客大曝光.pdf
网络空间全学习资料,ctf特训营 (FlappyPig战队).pdf
网络空间全学习资料,E-mail黑客攻防.pdf
网络空间全学习资料,EOS 新型攻击手法之 hard_fail 状态攻击.pdf
网络空间全学习资料,get来的漏洞-呆子不开口.pdf
网络空间全学习资料,GoogleHacking渗透性测试者的利剑第三版.pdf
网络空间全学习资料,HTTP权威指南.pdf
网络空间全学习资料,IDA Pro权威指南 (第2版).pdf
网络空间全学习资料,Java加密与解密的艺术第2版.pdf
网络空间全学习资料,Java黑客大曝光.pdf
网络空间全学习资料,JSOF_Ripple20_Technical_Whitepaper_June20.pdf
网络空间全学习资料,Kali Linux NetHunter基础教程.pdf
网络空间全学习资料,Kali Linux&BackTrack渗透测试实战.pdf
网络空间全学习资料,Kali Linux无线网络渗透测试详解.pdf
网络空间全学习资料,KaliLinux大揭秘：深入掌握渗透测试平台.pdf
网络空间全学习资料,Kali_linux高度安全环境下的高级渗透测试.pdf
网络空间全学习资料,kali官方书英文版.pdf
网络空间全学习资料,Kali渗透测试技术实战.pdf
网络空间全学习资料,Linux黑客大曝光第二版.pdf
网络空间全学习资料,Linux黑客渗透测试揭秘.pdf
网络空间全学习资料,MACOS软件安全与逆向分析.pdf
网络空间全学习资料,Metasploit渗透测试指南(完全版).pdf
网络空间全学习资料,Metasploit渗透测试指南.pdf
网络空间全学习资料,Metasploit渗透测试魔鬼训练营.pdf
网络空间全学习资料,mysql-injection.pdf
网络空间全学习资料,Nessus中文指南.pdf
网络空间全学习资料,Netty权威指南(第2版).pdf
网络空间全学习资料,nmap_networkexplorationandsecurityauditingcookbook_ebook.pdf
网络空间全学习资料,Nmap渗透测试指南.pdf
网络空间全学习资料,Orange'S_一个操作系统的实现[mobi电子版].pdf
网络空间全学习资料,OWASP TOP10移动安全漏洞（安卓）.pdf
网络空间全学习资料,OWASP测试指南V3.0中文版.pdf
网络空间全学习资料,PHPWeb安全开发实战.pdf
网络空间全学习资料,Python Web开发：测试驱动方法.pdf
网络空间全学习资料,Python_Hack_知道创宇_北北(孙博).pdf
网络空间全学习资料,Python基础教程(第2版).pdf
网络空间全学习资料,Python渗透测试实战.pdf
网络空间全学习资料,Python灰帽子-黑客与逆向工程师的Python编程之道.pdf
网络空间全学习资料,Python灰帽子.pdf
网络空间全学习资料,Python绝技.pdf
网络空间全学习资料,Python网络编程攻略.pdf
网络空间全学习资料,Python黑客攻防入门.pdf
网络空间全学习资料,Rootkits--Windows内核的安全防护(带目录书签).pdf
网络空间全学习资料,sqlmap中文手册.pdf
网络空间全学习资料,SQL基础教程（小白入门讲的很好）.pdf
网络空间全学习资料,SQL注入攻击与防御.pdf
网络空间全学习资料,SQL编程实用大全精华版.pdf
网络空间全学习资料,SQL语句大全大全(经典珍藏版).pdf
网络空间全学习资料,TCP-IP详解卷一：协议.pdf
网络空间全学习资料,TCP-IP详解（卷1+卷2+卷3）-文字版带目录.pdf
网络空间全学习资料,TCPIP路由技术 卷一（第二版）.pdf
网络空间全学习资料,TCPIP路由技术 卷二.pdf
网络空间全学习资料,The Hacker’s Handbook.pdf
网络空间全学习资料,The Hacker’s Underground Handbook_ Learn how to hack and what it takes to crack even the most secure systems (Volume 1).pdf
网络空间全学习资料,Web Hacking 101.pdf
网络空间全学习资料,Web 服务安全技术与原理.pdf
网络空间全学习资料,WEB之困 现代WEB应用安全指南 中文PDF扫描版.pdf
网络空间全学习资料,WEB之困：现代WEB应用安全指南.pdf
网络空间全学习资料,Web入侵中的安全测试与对策.pdf
网络空间全学习资料,Web前端黑客技术揭秘.pdf
网络空间全学习资料,Web商务安全设计与开发宝典.pdf
网络空间全学习资料,WEB安全、隐私和商务.pdf
网络空间全学习资料,Web安全原理分析与实践.pdf
网络空间全学习资料,Web安全基础教程.pdf
网络空间全学习资料,Web安全实践.pdf
网络空间全学习资料,WEB安全开发指南.pdf
网络空间全学习资料,Web安全攻防渗透测试实战指南.pdf
网络空间全学习资料,Web安全测试.pdf
网络空间全学习资料,Web安全测试：行之有效的安全测试.pdf
网络空间全学习资料,Web安全深度剖析.pdf
网络空间全学习资料,Web安全深度剖析.其他的.pdf
网络空间全学习资料,Web安全漏洞原理及实战.pdf
网络空间全学习资料,WEB安全设计之道.pdf
网络空间全学习资料,Web安全防护指南基础篇.pdf
网络空间全学习资料,Web应用安全威胁与防治.pdf
网络空间全学习资料,Web应用安全权威指南.pdf
网络空间全学习资料,web应用服务基础.pdf
网络空间全学习资料,Web应用漏洞侦测与防御：揭秘鲜为人知的攻击手段和防御技术_迷你书.pdf
网络空间全学习资料,Web服务安全.pdf
网络空间全学习资料,Web渗透技术及实战案例解析.pdf
网络空间全学习资料,Web渗透测试使用kali linux.pdf
网络空间全学习资料,Web站点安全与防火墙技术.pdf
网络空间全学习资料,Web系统安全和渗透性测试基础.pdf
网络空间全学习资料,Windows内核安全编程.pdf
网络空间全学习资料,Windows黑客攻防.pdf
网络空间全学习资料,Windows黑客编程技术详解.pdf
网络空间全学习资料,Wireshark 数据包分析实战详解.pdf
网络空间全学习资料,Wireshark数据包分析实战( 扫描版）.pdf
网络空间全学习资料,Wireshark数据包分析实战.pdf
网络空间全学习资料,Wireshark网络分析就这么简单.pdf
网络空间全学习资料,Wireshark网络分析的艺术.pdf
网络空间全学习资料,XSS跨站脚本攻击剖析与防御.pdf
网络空间全学习资料,[译] 渗透测试实战第三版(红队版).pdf
网络空间全学习资料,上传攻击总结.pdf
网络空间全学习资料,专业渗透测试第二版.pdf
网络空间全学习资料,中国刑侦测谎大揭秘.pdf
网络空间全学习资料,中国黑客.pdf
网络空间全学习资料,互动新闻：黑客数据与代码.pdf
网络空间全学习资料,京城神探刑侦档案.pdf
网络空间全学习资料,从0到1CTFer成长之路电子版在线阅读.pdf
网络空间全学习资料,代码整洁之道.pdf
网络空间全学习资料,信息安全原理与应用 （第四版）.pdf
网络空间全学习资料,僵尸网络网络程序杀手.pdf
网络空间全学习资料,光环国际-人工智能白皮书(V4.0).pdf
网络空间全学习资料,全面掌握Web服务安全性.pdf
网络空间全学习资料,内网安全攻防  渗透测试实战指南.pdf
网络空间全学习资料,内网安全攻防渗透测试实战指南.pdf
网络空间全学习资料,内网渗透综合实验 - 详细实验指导书.pdf
网络空间全学习资料,刑事侦查学.pdf
网络空间全学习资料,刑事侦查学第2版.pdf
网络空间全学习资料,刑侦一科上.pdf
网络空间全学习资料,刑侦一科下.pdf
网络空间全学习资料,刑侦中的逻辑应用.pdf
网络空间全学习资料,刑侦典型案例评析.pdf
网络空间全学习资料,刑侦前沿.pdf
网络空间全学习资料,刑侦因果扫描.pdf
网络空间全学习资料,刑侦实验室犯罪现场真相揭秘.pdf
网络空间全学习资料,刑侦手记.pdf
网络空间全学习资料,刑侦方略新探.pdf
网络空间全学习资料,刑侦日记上.pdf
网络空间全学习资料,刑侦日记下.pdf
网络空间全学习资料,刑侦破案报告选.pdf
网络空间全学习资料,刑侦科学.pdf
网络空间全学习资料,刑侦科长.pdf
网络空间全学习资料,刑侦高科技犯罪百科全书.pdf
网络空间全学习资料,判罪者：一线法医的凶案刑侦笔记.pdf
网络空间全学习资料,加密与解密  （第三版）看雪论坛.pdf
网络空间全学习资料,加密与解密4.pdf
网络空间全学习资料,加密与解密SoftICE使用手册.pdf
网络空间全学习资料,加密与解密——软件保护技术及完全解决方案.pdf
网络空间全学习资料,加密与解密实战入门.pdf
网络空间全学习资料,加密与解密实战全攻略.pdf
网络空间全学习资料,加密与解密实战攻略.pdf
网络空间全学习资料,加密与解密第四版.pdf
网络空间全学习资料,加密与解密（吴强）.pdf
网络空间全学习资料,加密解密技能百练.pdf
网络空间全学习资料,千个DOS命令.pdf
网络空间全学习资料,反击黑客.pdf
网络空间全学习资料,反编译技术与软件逆向分析.pdf
网络空间全学习资料,反追踪黑客指南.pdf
网络空间全学习资料,反黑客工具箱第3版.pdf
网络空间全学习资料,反黑风暴_网络渗透技术攻防高手修炼.pdf
网络空间全学习资料,命令行攻防实战详解.pdf
网络空间全学习资料,地下黑客社会.pdf
网络空间全学习资料,域渗透攻防指南_谢兆国2023.pdf
网络空间全学习资料,堆栈攻击 八层网络安全防御.2008.中文版.pdf
网络空间全学习资料,大型企业渗透测试技巧.pdf
网络空间全学习资料,大型网站技术架构：核心原理与案例分析.pdf
网络空间全学习资料,大话数据结构.pdf
网络空间全学习资料,大话设计模式.pdf
网络空间全学习资料,天书夜读－从汇编语言到Windows内核编程.谭文.邵坚磊.扫描版.pdf
网络空间全学习资料,女装入门到嫁人.pdf
网络空间全学习资料,安全入门全程图解.pdf
网络空间全学习资料,安全反汇编揭秘.pdf
网络空间全学习资料,安全大曝光（中文版）.pdf
网络空间全学习资料,安全攻防三十六计.pdf
网络空间全学习资料,安全攻防实战入门.pdf
网络空间全学习资料,安全攻防实战技术完全手册.pdf
网络空间全学习资料,宏病毒原理及实现.pdf
网络空间全学习资料,密码学算法原理教材.pdf
网络空间全学习资料,密码学：加密演算法.pdf
网络空间全学习资料,密码编码学与网络安全——原理与实践(第三版).pdf
网络空间全学习资料,密码编码学与网络安全原理与实践（第5版）PDF扫描版www.atcpu.com.pdf
网络空间全学习资料,小小黑客之路：黑客工具、攻防及防火墙编程入门.pdf
网络空间全学习资料,应对安全实战-网络防护编码设计.pdf
网络空间全学习资料,循序渐进Linux基础知识服务器搭建系统管理性能调优集群应用.pdf
网络空间全学习资料,微软.NET程序的加密与解密.pdf
网络空间全学习资料,恶意软件、ROOTKIT和僵尸网络.pdf
网络空间全学习资料,恶意软件分析诀窍与工具箱.pdf
网络空间全学习资料,我的刑侦手记.pdf
网络空间全学习资料,战争黑客.pdf
网络空间全学习资料,战略性网络空间作战指南.pdf
网络空间全学习资料,手机黑客攻防.pdf
网络空间全学习资料,拒绝黑客：ASP.NETWeb应用程序安全性剖析.pdf
网络空间全学习资料,拿来主义编程.pdf
网络空间全学习资料,掘金黑客：马克斯·维京地下网络犯罪之王.pdf
网络空间全学习资料,揭秘家用路由器0day漏洞挖掘技术.pdf
网络空间全学习资料,揭秘家用路由器Oday漏洞挖掘技术.pdf
网络空间全学习资料,数据库黑客大曝光.pdf
网络空间全学习资料,数据隐藏技术揭秘  破解多媒体、操作系统、移动设备和网络协议中的隐秘数据_13485570.pdf
网络空间全学习资料,文件加密全接触.pdf
网络空间全学习资料,新手学白帽子攻防.pdf
网络空间全学习资料,新手学黑客攻防（入门篇）.pdf
网络空间全学习资料,无线网络安全攻防实战进阶（杨哲）扫描版.pdf
网络空间全学习资料,无线网络黑客攻防.pdf
网络空间全学习资料,无线黑客傻瓜书.pdf
网络空间全学习资料,日志管理与分析权威指南.pdf
网络空间全学习资料,暗度陈仓：用低功耗设备进行破解和渗透测试.pdf
网络空间全学习资料,有趣的二进制：软件安全与逆向分析.pdf
网络空间全学习资料,木马攻防全攻略.pdf
网络空间全学习资料,木马查杀深度剖析.pdf
网络空间全学习资料,构建安全Web站点.pdf
网络空间全学习资料,欺骗的艺术 凯文.米特尼克.pdf
网络空间全学习资料,欺骗的艺术.pdf
网络空间全学习资料,汽车黑客大曝光.pdf
网络空间全学习资料,浅谈云上渗透测试方法Final_Mickey.pdf
网络空间全学习资料,深入剖析加密解密.pdf
网络空间全学习资料,深入理解计算机系统（原书第2版.pdf
网络空间全学习资料,渗透测试基础可靠性安全审计实践指南.pdf
网络空间全学习资料,渗透测试完全初学者指南.pdf
网络空间全学习资料,渗透测试实践指南：必知必会的工具与方法.pdf
网络空间全学习资料,渗透测试高手打造固若金汤的安全网络.pdf
网络空间全学习资料,漂流瓶丛书：黑客.pdf
网络空间全学习资料,漏洞利用及渗透测试基础第2版.pdf
网络空间全学习资料,漏洞战争软件漏洞分析.pdf
网络空间全学习资料,漫谈WebLogic-CVE-2020-2551.pdf
网络空间全学习资料,灰帽攻击安全手册.pdf
网络空间全学习资料,灰帽黑客第4版.pdf
网络空间全学习资料,狙击黑客：黑客攻防技术见招拆招.pdf
网络空间全学习资料,用刑侦科学破解致命罪案.pdf
网络空间全学习资料,电脑密码完全解密：系统、软件、网络密码设置与清除详解.pdf
网络空间全学习资料,电脑黑客攻防入门.pdf
网络空间全学习资料,白帽子讲Web安全.pdf
网络空间全学习资料,白帽子讲Web安全_纪念版.pdf
网络空间全学习资料,白帽子讲Web安全（纪念版） (吴翰清) (z-lib.or.pdf
网络空间全学习资料,白帽子讲Web安全（纪念版）.pdf
网络空间全学习资料,白帽子讲Web扫描.pdf
网络空间全学习资料,破坏之王-DDoS攻击与防范深度剖析.pdf
网络空间全学习资料,硅谷增长黑客实战笔记-曲卉.pdf
网络空间全学习资料,社会工程：安全体系中的人性漏洞 .pdf
网络空间全学习资料,神秘.pdf
网络空间全学习资料,离线·黑客.pdf
网络空间全学习资料,精选50佳.pdf
网络空间全学习资料,精通Metasploit渗透测试-第2版-3.pdf
网络空间全学习资料,精通METASPLOIT渗透测试第3版.pdf
网络空间全学习资料,精通脚本黑客.pdf
网络空间全学习资料,精通黑客编程完整版.pdf
网络空间全学习资料,系统安全基础.pdf
网络空间全学习资料,维基黑客阿桑奇.pdf
网络空间全学习资料,编译原理中文版.pdf
网络空间全学习资料,网站常见的攻击方式.pdf
网络空间全学习资料,网站渗透测试实战入门.pdf
网络空间全学习资料,网络分析技术揭秘：原理、实践与WinPcap深入解析.吕雪峰等.扫描版.pdf
网络空间全学习资料,网络和系统管理员WEB安全指南.pdf
网络空间全学习资料,网络安全法.pdf
网络空间全学习资料,网络对抗.pdf
网络空间全学习资料,网络扫描技术揭秘.pdf
网络空间全学习资料,网络攻防技术与实践.pdf
网络空间全学习资料,网络渗透技术.pdf
网络空间全学习资料,网络渗透测试 保护网络安全的技术、工具和过程.pdf
网络空间全学习资料,网络渗透测试：保护网络安全的技术、工具和过程.pdf
网络空间全学习资料,网络硬件设备完全技术宝典(第3版).PDF
网络空间全学习资料,网页木马攻防实战.pdf
网络空间全学习资料,罪案现场：你所不知道的刑侦.pdf
网络空间全学习资料,罪案现场：你所不知道的刑侦2.pdf
网络空间全学习资料,罪案现场：你所不知道的刑侦3.pdf
网络空间全学习资料,美国国家安全局解密特工培训手册.pdf
网络空间全学习资料,美河制作.经典密码学与现代密码学.pdf
网络空间全学习资料,聚焦黑客：攻击手段与防护策略.pdf
网络空间全学习资料,職業駭客的告白III部曲：C語言、組合語言與逆向工程的秘密.pdf
网络空间全学习资料,良性入侵 道德黑客非官方指导.pdf
网络空间全学习资料,计算机信息加密与解密.pdf
网络空间全学习资料,计算机网络（第7版）.pdf
网络空间全学习资料,谢希仁《计算机网络》冲刺 讲义.pdf
网络空间全学习资料,软件加密与解密.pdf
网络空间全学习资料,软件加密原理与应用.pdf
网络空间全学习资料,软件逆向分析实用技术.pdf
网络空间全学习资料,逆向分析实战.pdf
网络空间全学习资料,逆向工程实战.pdf
网络空间全学习资料,逆向工程技术.pdf
网络空间全学习资料,逆向工程揭密.pdf
网络空间全学习资料,逆向工程核心原理  高清 电子书 pdf [（韩）李承远著][人民邮电出版社][2014.05][680页]不全.pdf
网络空间全学习资料,逆向工程核心原理.pdf
网络空间全学习资料,透视Java——反编译、修补和逆向工程技术.pdf
网络空间全学习资料,阿里云云安全助理工程师ACA复习资料(完结).pdf
网络空间全学习资料,零号黑客.pdf
网络空间全学习资料,青龙组web部分wp.pdf
网络空间全学习资料,高度安全环境下的高级渗透测试.pdf
网络空间全学习资料,高级PHP应用程序漏洞审核技术.pdf
网络空间全学习资料,黑客Web脚本攻击与防御技术核心剖析.郝永清.扫描版.pdf
网络空间全学习资料,黑客X档案2012年7月刊PDF电子书.pdf
网络空间全学习资料,黑客_IP反向追踪技术综述[冉晓旻].pdf
网络空间全学习资料,黑客与反黑客.pdf
网络空间全学习资料,黑客之道：漏洞发掘的艺术原书第2版.pdf
网络空间全学习资料,黑客之道：破解黑客木马屠城计.pdf
网络空间全学习资料,黑客伦理与信息时代精神.pdf
网络空间全学习资料,黑客免杀攻防.pdf
网络空间全学习资料,黑客入门全程图解.pdf
网络空间全学习资料,黑客入门新手特训.pdf
网络空间全学习资料,黑客反汇编揭秘.pdf
网络空间全学习资料,黑客在线.pdf
网络空间全学习资料,黑客大挑战2：检验你的网络安全和取证能力.pdf
网络空间全学习资料,黑客大揭秘：近源渗透测试.pdf
网络空间全学习资料,黑客大曝光：Web应用安全机密与解决方案第二版.pdf
网络空间全学习资料,黑客大曝光：恶意软件和Rootkit安全第2版.pdf
网络空间全学习资料,黑客大曝光：无线网络安全.pdf
网络空间全学习资料,黑客大曝光：网络安全机密与解决方案第5版.pdf
网络空间全学习资料,黑客实战：黑客攻防大战.pdf
网络空间全学习资料,黑客就这么几招第2版.pdf
网络空间全学习资料,黑客微百科.pdf
网络空间全学习资料,黑客技术揭秘.pdf
网络空间全学习资料,黑客攻击实战入门.pdf
网络空间全学习资料,黑客攻防300招.pdf
网络空间全学习资料,黑客攻防实战从入门到精通.pdf
网络空间全学习资料,黑客攻防实战入门第3版.pdf
网络空间全学习资料,黑客攻防实战编程.pdf
网络空间全学习资料,黑客攻防实战详解.pdf
网络空间全学习资料,黑客攻防技术宝典Web实战篇2.pdf
网络空间全学习资料,黑客攻防技术宝典系统实战篇.pdf
网络空间全学习资料,黑客攻防演习.pdf
网络空间全学习资料,黑客攻防：WEB安全实战详解.pdf
网络空间全学习资料,黑客攻防：实战加密与解密.pdf
网络空间全学习资料,黑客日记.pdf
网络空间全学习资料,黑客札记：WEB安全手册.pdf
网络空间全学习资料,黑客札记：Windows安全手册.pdf
网络空间全学习资料,黑客札记：网络安全手册.pdf
网络空间全学习资料,黑客渗透笔记完整版.pdf
网络空间全学习资料,黑客电脑时代的牛仔.pdf
网络空间全学习资料,黑客的代码.pdf
网络空间全学习资料,黑客的战争下一个战争地带.pdf
网络空间全学习资料,黑客社会工程学攻击档案袋.pdf
网络空间全学习资料,黑客社会工程学攻防演练.pdf
网络空间全学习资料,黑客秘笈100选.pdf
网络空间全学习资料,黑客营：黑客入门.pdf
网络空间全学习资料,黑客营：黑客攻防攻防案例100%.pdf
网络空间全学习资料,黑客营：黑客日记.pdf
网络空间全学习资料,黑客调试技术揭密.pdf
网络空间全学习资料,黑客达人迷第3版.pdf
网络空间全学习资料,黑客防范手册.pdf
网络空间全学习资料,黑客零点入门.pdf
网络空间全学习资料,黑客革命：黑客攻防战实战录.pdf
网络空间全学习资料,黑客：崇尚自由.pdf
网络空间全学习资料,黑镜调查：深渊背后的真相之「DDoS威胁与黑灰产业调查报告」.pdf
Epub电子书,Android软件安全与逆向分析.epub
Epub电子书,C++反汇编与逆向分析技术揭秘.epub
Epub电子书,C++黑客编程揭秘与防范.epub
Epub电子书,IDAPro权威指南（第2版）.epub
Epub电子书,IOS应用逆向工程（第2版）.epub
Epub电子书,KaliLinux2网络渗透测试实践指南.epub
Epub电子书,KaliLinux无线网络渗透测试详解.epub
Epub电子书,KaliLinux渗透测试的艺术.epub
Epub电子书,KaliLinux高级渗透测试原书（第3版）.epub
Epub电子书,Metasploit渗透测试与开发实践指南.epub
Epub电子书,Metasploit渗透测试手册.epub
Epub电子书,Nmap渗透测试指南.epub
Epub电子书,Python3反爬虫原理与绕过实战.epub
Epub电子书,Python安全攻防渗透测试实战指南.epub
Epub电子书,Python渗透测试编程技术方法与实践（第2版）.epub
Epub电子书,Python黑帽子：黑客与渗透测试编程之道（第2版）.epub
Epub电子书,Web前端黑客技术揭秘.epub
Epub电子书,Web安全之强化学习与GAN.epub
Epub电子书,Web安全之机器学习入门.epub
Epub电子书,Web安全之深度学习实战.epub
Epub电子书,Web安全开发指南.epub
Epub电子书,Web应用安全权威指南.epub
Epub电子书,Web攻防之业务安全实战指南.epub
Epub电子书,Web渗透测试实战：基于Metasploit5.epub
Epub电子书,Web渗透测试：使用KaliLinux.epub
Epub电子书,WindowsPE权威指南.epub
Epub电子书,一个刑警的日子：中国刑警生活实录.epub
Epub电子书,中国刑侦1号案.epub
Epub电子书,代码审计：企业级Web代码安全架构.epub
Epub电子书,余罪：我的刑侦笔记1~11.epub
Epub电子书,侯大利刑侦笔记1~7.epub
Epub电子书,冰血：零下30度的刑侦现场.epub
Epub电子书,安全之路：Web渗透技术及实战案例解析（第2版）.epub
Epub电子书,捍卫隐私：世界头号黑客教你如何保护隐私.epub
Epub电子书,数学家间谍与黑客：密码与解码.epub
Epub电子书,数据恢复技术深度揭秘（第二版）.epub
Epub电子书,有趣的二进制：软件安全与逆向分析.epub
Epub电子书,树莓派渗透测试实战.epub
Epub电子书,渗透测试基础教程.epub
Epub电子书,物联网渗透测试.epub
Epub电子书,白帽子讲Web安全.epub
Epub电子书,矛与盾：黑客就这几招.epub
Epub电子书,矛与盾：黑客攻防与脚本编程.epub
Epub电子书,社会工程卷2：解读肢体语言.epub
Epub电子书,社会工程卷3：防范钓鱼欺诈.epub
Epub电子书,社会工程：安全体系中的人性漏洞.epub
Epub电子书,精通Metasploit渗透测试（第3版）.epub
Epub电子书,网络战争：颠覆商业世界的黑客事件.epub
Epub电子书,逆向工程技术综合实践.epub
Epub电子书,逆向工程权威指南.epub
Epub电子书,高度安全环境下的高级渗透测试.epub
Epub电子书,黑客大曝光：Web应用程序安全原书（第3版）.epub
Epub电子书,黑客大曝光：无线网络安全（第3版）.epub
Epub电子书,黑客心理学：社会工程学原理.epub
Epub电子书,黑客攻防从入门到精通.epub
Epub电子书,黑客攻防从入门到精通：加密与解密篇.epub
Epub电子书,黑客攻防从入门到精通：命令版.epub
Epub电子书,黑客攻防入门秘笈.epub
Epub电子书,黑客攻防实战加密与解密.epub
Epub电子书,黑客攻防技巧随手查.epub
Epub电子书,黑客攻防技术宝典：ios实战篇.epub
Epub电子书,黑客攻防技术宝典：Web实战篇（第2版）.epub
Epub电子书,黑客攻防技术宝典：反病毒篇.epub
Epub电子书,黑客攻防技术宝典：浏览器实战篇.epub
Epub电子书,黑客秘笈：渗透测试实用指南（第3版）.epub
Epub电子书,黑客简史：棱镜中的帝国.epub
Epub电子书,黑客：网络社会的流浪者.epub
Epub电子书,黑客：计算机革命的英雄.epub
PPT与Word,Android逆向.pptx
PPT与Word,Android逆向3.pptx
PPT与Word,DDos攻击的常见方法及防御方法（第一颗）.ppt
PPT与Word,Nginx 反向代理、负载均衡、页面缓存、URL重写及读写分离详解.docx
PPT与Word,Web渗透的基础知识.ppt
PPT与Word,渗透测试中的技巧-Mickey.pptx
SRC技术文档汇总,02-安全应急响应中心之威胁情报探索.pdf
SRC技术文档汇总,02-安全应急响应中心之威胁情报探索_20210506214056.pdf
SRC技术文档汇总,03-论安全漏洞响应机制扩展.pdf
SRC技术文档汇总,03-论安全漏洞响应机制扩展_20210506214051.pdf
SRC技术文档汇总,04-企业级未授权访问漏洞防御实践.pdf
SRC技术文档汇总,04-企业级未授权访问漏洞防御实践_20210506214055.pdf
SRC技术文档汇总,05-浅谈企业SQL注入漏洞的危害与防御.pdf
SRC技术文档汇总,05-浅谈企业SQL注入漏洞的危害与防御_20210506214051.pdf
SRC技术文档汇总,06-信息泄露之配置不当.pdf
SRC技术文档汇总,06-信息泄露之配置不当_20210506214051.pdf
SRC技术文档汇总,07-XSS之攻击与防御.pdf
SRC技术文档汇总,07-XSS之攻击与防御_20210506214052.pdf
SRC技术文档汇总,08-电商和O2O行业诈骗那些事儿（上）.pdf
SRC技术文档汇总,08-电商和O2O行业诈骗那些事儿（上）_20210506214052.pdf
SRC技术文档汇总,09-电商和O2O行业诈骗那些事儿（下）.pdf
SRC技术文档汇总,09-电商和O2O行业诈骗那些事儿（下）_20210506214058.pdf
SRC技术文档汇总,10-CSRF的攻击与防御.pdf
SRC技术文档汇总,10-CSRF的攻击与防御_20210506214052.pdf
SRC技术文档汇总,11-账户体系安全管理探讨.pdf
SRC技术文档汇总,11-账户体系安全管理探讨_20210506214052.pdf
SRC技术文档汇总,12-远程代码执行漏洞的探讨.pdf
SRC技术文档汇总,12-远程代码执行漏洞的探讨_20210506214052.pdf
SRC技术文档汇总,13-服务器安全管控的探讨.pdf
SRC技术文档汇总,13-服务器安全管控的探讨_20210506214052.pdf
SRC技术文档汇总,14-畅谈端口安全配置.pdf
SRC技术文档汇总,14-畅谈端口安全配置_20210506214051.pdf
SRC技术文档汇总,16-撞库攻击是场持久战.pdf
SRC技术文档汇总,16-撞库攻击是场持久战_20210506214051.pdf
SRC技术文档汇总,17-url重定向攻击的探讨.pdf
SRC技术文档汇总,17-url重定向攻击的探讨_20210506214052.pdf
SRC技术文档汇总,18-聊聊弱口令的危害（一）.pdf
SRC技术文档汇总,18-聊聊弱口令的危害（一）_20210506214052.pdf
SRC技术文档汇总,19-聊聊弱口令的危害（二）.pdf
SRC技术文档汇总,19-聊聊弱口令的危害（二）_20210506214053.pdf
SRC技术文档汇总,20-聊聊XML注入攻击.pdf
SRC技术文档汇总,20-聊聊XML注入攻击_20210506214051.pdf
SRC技术文档汇总,21-聊聊暴力破解.pdf
SRC技术文档汇总,21-聊聊暴力破解_20210506214052.pdf
SRC技术文档汇总,22-谈谈上传漏洞.pdf
SRC技术文档汇总,22-谈谈上传漏洞_20210506214052.pdf
SRC技术文档汇总,23-浅谈内网渗透.pdf
SRC技术文档汇总,23-浅谈内网渗透_20210506214054.pdf
SRC技术文档汇总,24-聊聊短信验证码安全.pdf
SRC技术文档汇总,24-聊聊短信验证码安全_20210506214055.pdf
SRC技术文档汇总,25-深聊waf那些事儿（一）.pdf
SRC技术文档汇总,25-深聊waf那些事儿（一）_20210506214052.pdf
SRC技术文档汇总,26-深聊waf那些事儿（二）.pdf
SRC技术文档汇总,26-深聊waf那些事儿（二）_20210506214052.pdf
SRC技术文档汇总,27-聊聊app手工安全检测.pdf
SRC技术文档汇总,27-聊聊app手工安全检测_20210506214051.pdf
SRC技术文档汇总,28-APP安全加固技术的讨论.pdf
SRC技术文档汇总,28-APP安全加固技术的讨论_20210506214054.pdf
SRC技术文档汇总,29-SSL安全问题及漏洞.pdf
SRC技术文档汇总,29-SSL安全问题及漏洞_20210506214055.pdf
SRC技术文档汇总,30-谈谈DNS安全问题.pdf
SRC技术文档汇总,30-谈谈DNS安全问题_20210506214051.pdf
SRC技术文档汇总,31-浅谈SSRF漏洞.pdf
SRC技术文档汇总,31-浅谈SSRF漏洞_20210506214051.pdf
SRC技术文档汇总,32-DNS解析故障的那些事儿.pdf
SRC技术文档汇总,32-DNS解析故障的那些事儿_20210506214052.pdf
SRC技术文档汇总,33-零基础如何挖漏洞.pdf
SRC技术文档汇总,33-零基础如何挖漏洞_20210506214057.pdf
SRC技术文档汇总,34-聊聊金融反欺诈那些事儿.pdf
SRC技术文档汇总,34-聊聊金融反欺诈那些事儿_20210506214052.pdf
SRC技术文档汇总,35-密码找回逻辑漏洞小总结.pdf
SRC技术文档汇总,35-密码找回逻辑漏洞小总结_20210506214052.pdf
SRC技术文档汇总,36-交易支付逻辑漏洞小总结.pdf
SRC技术文档汇总,36-交易支付逻辑漏洞小总结_20210506214052.pdf
SRC技术文档汇总,37-越权漏洞泄露你的隐私.pdf
SRC技术文档汇总,37-越权漏洞泄露你的隐私_20210506214052.pdf
SRC技术文档汇总,38-另一角度看越权漏洞.pdf
SRC技术文档汇总,38-另一角度看越权漏洞_20210506214052.pdf
SRC技术文档汇总,39-聊一聊服务器的安全基线.pdf
SRC技术文档汇总,39-聊一聊服务器的安全基线_20210506214055.pdf
SRC技术文档汇总,40-智能设备安全畅谈.pdf
SRC技术文档汇总,40-智能设备安全畅谈_20210506214056.pdf
SRC技术文档汇总,41-谈一谈java代码审计.pdf
SRC技术文档汇总,41-谈一谈java代码审计_20210506214058.pdf
SRC技术文档汇总,42-详解XPath注入.pdf
SRC技术文档汇总,42-详解XPath注入_20210506214052.pdf
SRC技术文档汇总,44-在线验证码的安全隐患.pdf
SRC技术文档汇总,44-在线验证码的安全隐患_20210506214055.pdf
SRC技术文档汇总,45-域名爆破的原理与工具.pdf
SRC技术文档汇总,45-域名爆破的原理与工具_20210506214055.pdf
SRC技术文档汇总,46-Redis 未授权访问漏洞.pdf
SRC技术文档汇总,46-Redis 未授权访问漏洞_20210506214056.pdf
SRC技术文档汇总,48-网站安全检测常用工具简介.pdf
SRC技术文档汇总,48-网站安全检测常用工具简介_20210506214054.pdf
SRC技术文档汇总,49-网站安全检测之信息收集类工具.pdf
SRC技术文档汇总,49-网站安全检测之信息收集类工具_20210506214052.pdf
SRC技术文档汇总,50-分布式扫描器的实现思路.pdf
SRC技术文档汇总,50-分布式扫描器的实现思路_20210506214051.pdf
SRC技术文档汇总,51-Struts2漏洞原理讲解.pdf
SRC技术文档汇总,51-Struts2漏洞原理讲解_20210506214051.pdf
SRC技术文档汇总,52-详谈webshell检测.pdf
SRC技术文档汇总,52-详谈webshell检测_20210506214051.pdf
SRC技术文档汇总,53-智能硬件漏洞挖掘入门指导.pdf
SRC技术文档汇总,53-智能硬件漏洞挖掘入门指导_20210506214051.pdf
SRC技术文档汇总,54-汽车的网络安全问题.pdf
SRC技术文档汇总,54-汽车的网络安全问题_20210506214051.pdf
SRC技术文档汇总,56-二次注入漏洞解析.pdf
SRC技术文档汇总,56-二次注入漏洞解析_20210506214051.pdf
SRC技术文档汇总,57-白帽子漏洞挖掘指导.pdf
SRC技术文档汇总,57-白帽子漏洞挖掘指导_20210506214058.pdf
SRC技术文档汇总,58-勒索软件解析（一）.pdf
SRC技术文档汇总,58-勒索软件解析（一）_20210506214055.pdf
SRC技术文档汇总,59-勒索软件解析（二）.pdf
SRC技术文档汇总,59-勒索软件解析（二）_20210506214052.pdf
SRC技术文档汇总,60-解读网络安全法.pdf
SRC技术文档汇总,60-解读网络安全法_20210506214052.pdf
SRC技术文档汇总,61-如何对抗伪基站.pdf
SRC技术文档汇总,61-如何对抗伪基站_20210506214052.pdf
SRC技术文档汇总,62-黑色键盘的白帽子之路.pdf
SRC技术文档汇总,62-黑色键盘的白帽子之路_20210506214051.pdf
SRC技术文档汇总,64-移动端设备指纹.pdf
SRC技术文档汇总,64-移动端设备指纹_20210506214052.pdf
SRC技术文档汇总,65-日志审计与网络安全.pdf
SRC技术文档汇总,65-日志审计与网络安全_20210506214051.pdf
SRC技术文档汇总,66-Mr.Chou的白帽子之路.pdf
SRC技术文档汇总,66-Mr.Chou的白帽子之路_20210506214051.pdf
SRC技术文档汇总,68-安全运维的那些事.pdf
SRC技术文档汇总,68-安全运维的那些事_20210506214051.pdf
SRC技术文档汇总,69-企业安全基础框架.pdf
SRC技术文档汇总,69-企业安全基础框架_20210506214051.pdf
SRC技术文档汇总,70-Chora的白帽子之路.pdf
SRC技术文档汇总,70-Chora的白帽子之路_20210506214051.pdf
SRC技术文档汇总,71-大数据安全（一）.pdf
SRC技术文档汇总,71-大数据安全（一）_20210506214051.pdf
SRC技术文档汇总,72-GitHub信息泄露.pdf
SRC技术文档汇总,72-GitHub信息泄露_20210506214052.pdf
SRC技术文档汇总,73-白盒安全测试.pdf
SRC技术文档汇总,73-白盒安全测试_20210506214051.pdf
SRC技术文档汇总,74-NFC支付安全.pdf
SRC技术文档汇总,74-NFC支付安全_20210506214051.pdf
SRC技术文档汇总,76-钓鱼网站攻击与防御.pdf
SRC技术文档汇总,76-钓鱼网站攻击与防御_20210506214052.pdf
SRC技术文档汇总,77-聊聊越权的那些事.pdf
SRC技术文档汇总,77-聊聊越权的那些事_20210506214052.pdf
SRC技术文档汇总,78-大数据安全（二）.pdf
SRC技术文档汇总,78-大数据安全（二）_20210506214051.pdf
SRC技术文档汇总,79-威胁情报.pdf
SRC技术文档汇总,79-威胁情报_20210506214054.pdf
SRC技术文档汇总,80-Sven的白帽子之路.pdf
SRC技术文档汇总,80-Sven的白帽子之路_20210506214051.pdf
SRC技术文档汇总,81-APP手势密码安全.pdf
SRC技术文档汇总,81-APP手势密码安全_20210506214051.pdf
SRC技术文档汇总,82-移动安全之APP加固.pdf
SRC技术文档汇总,82-移动安全之APP加固_20210506214053.pdf
SRC技术文档汇总,83-v清风的白帽子之路.pdf
SRC技术文档汇总,83-v清风的白帽子之路_20210506214055.pdf
SRC技术文档汇总,84-APT攻击与防御.pdf
SRC技术文档汇总,84-APT攻击与防御_20210506214051.pdf
SRC技术文档汇总,85-web攻击溯源.pdf
SRC技术文档汇总,85-web攻击溯源_20210506214052.pdf
SRC技术文档汇总,86-web漏洞挖掘之SQL注入.pdf
SRC技术文档汇总,86-web漏洞挖掘之SQL注入_20210506214052.pdf
SRC技术文档汇总,87-web漏洞挖掘之前期信息收集.pdf
SRC技术文档汇总,87-web漏洞挖掘之前期信息收集_20210506214052.pdf
SRC技术文档汇总,88-漏洞挖掘之服务器漏洞挖掘.pdf
SRC技术文档汇总,88-漏洞挖掘之服务器漏洞挖掘_20210506214052.pdf
SRC技术文档汇总,89-web漏洞之逻辑漏洞挖掘.pdf
SRC技术文档汇总,89-web漏洞之逻辑漏洞挖掘_20210506214051.pdf
SRC技术文档汇总,90-局外人的白帽子之路.pdf
SRC技术文档汇总,90-局外人的白帽子之路_20210506214055.pdf
SRC技术文档汇总,91-web漏洞之敏感信息漏洞挖掘.pdf
SRC技术文档汇总,91-web漏洞之敏感信息漏洞挖掘_20210506214051.pdf
SRC技术文档汇总,92-web漏洞之CSRF漏洞挖掘.pdf
SRC技术文档汇总,92-web漏洞之CSRF漏洞挖掘_20210506214057.pdf
SRC技术文档汇总,93-Alice的白帽子之路.pdf
SRC技术文档汇总,93-Alice的白帽子之路_20210506214051.pdf
SRC技术文档汇总,94-web漏洞之越权漏洞挖掘.pdf
SRC技术文档汇总,94-web漏洞之越权漏洞挖掘_20210506214051.pdf
SRC技术文档汇总,95-web漏洞之XSS漏洞挖掘.pdf
SRC技术文档汇总,95-web漏洞之XSS漏洞挖掘_20210506214052.pdf
SRC技术文档汇总,96-web漏洞挖掘之上传漏洞.pdf
SRC技术文档汇总,96-web漏洞挖掘之上传漏洞_20210506214051.pdf
SRC技术文档汇总,97-web漏洞挖掘之业务逻辑漏洞.pdf
SRC技术文档汇总,97-web漏洞挖掘之业务逻辑漏洞_20210506214054.pdf
SRC技术文档汇总,98-mmmark的白帽子之路.pdf
SRC技术文档汇总,98-mmmark的白帽子之路_20210506214051.pdf
SRC技术文档汇总,99-web漏洞挖掘之未授权访问漏洞.pdf
SRC技术文档汇总,99-web漏洞挖掘之未授权访问漏洞_20210506214051.pdf
SRC技术文档汇总,HTTP权威指南.pdf
SRC技术文档汇总,Python网络编程攻略.pdf
SRC技术文档汇总,Web前端黑客技术揭秘.pdf
SRC技术文档汇总,Web安全深度剖析.pdf
SRC技术文档汇总,Web应用安全威胁与防治(1).pdf
SRC技术文档汇总,Web应用漏洞侦测与防御：揭秘鲜为人知的攻击手段和防御技术_迷你书.pdf
SRC技术文档汇总,揭秘家用路由器0day漏洞挖掘技术.pdf
SRC技术文档汇总,无线网络安全攻防实战进阶（杨哲）扫描版.pdf
SRC技术文档汇总,欺骗的艺术 凯文.米特尼克.pdf
SRC技术文档汇总,高度安全环境下的高级渗透测试.pdf
套书(不知道那个团队的),01 Web安全深度剖析.pdf
套书(不知道那个团队的),01白帽子讲Web安全.pdf
套书(不知道那个团队的),02 黑客攻防技术宝典Web实战篇.Dafydd.Stuttard.第2版中文高清版.pdf
套书(不知道那个团队的),03 Web渗透测试使用kali+linux.pdf
套书(不知道那个团队的),04 SQL注入攻击与防御++第2版.pdf
套书(不知道那个团队的),05 XSS跨站脚剖析与防御.pdf
套书(不知道那个团队的),07 Web前端黑客技术揭秘.pdf
攻防世界,攻防世界-逆向题笔记{csaw2013reversing2}.pdf
攻防世界,攻防世界-逆向题笔记{game}.pdf
攻防世界,攻防世界-逆向题笔记{getit}.pdf
攻防世界,"攻防世界-逆向题笔记{Hello, CTF}.pdf"
攻防世界,攻防世界-逆向题笔记{insanity}.pdf
攻防世界,攻防世界-逆向题笔记{logmein}.pdf
攻防世界,攻防世界-逆向题笔记{no-strings-attached}.pdf
攻防世界,攻防世界-逆向题笔记{open-source}.pdf
攻防世界,攻防世界-逆向题笔记{re1}.pdf
攻防世界,攻防世界-逆向题笔记{simple-unpack}.pdf
渗透攻击红队百科全书,安恒信息《渗透攻击红队百科全书》上册.pdf
渗透攻击红队百科全书,安恒信息《渗透攻击红队百科全书》下册.pdf
渗透攻击红队百科全书,安恒信息《渗透攻击红队百科全书》中册.pdf
部分黑白书籍,METASPLOIT渗透测试魔鬼训练营.pdf
部分黑白书籍,Web安全深度剖析.pdf
部分黑白书籍,Web应用安全威胁与防治.pdf
部分黑白书籍,无线网络黑客攻防.pdf
部分黑白书籍,渗透测试实践指南：必知必会的工具与方法.pdf
部分黑白书籍,黑客入门新手特训.pdf
部分黑白书籍,黑客社会工程学攻防演练.pdf
音乐制作学习资料,基本乐理教程.pdf
音乐制作学习资料,基本乐理通用教材.李重光.pdf
音乐制作学习资料,电子舞曲手册++第2版.pdf
音乐制作学习资料,电子音乐技术.pdf
音乐制作学习资料,自己动手做声音：声音合成与制作基础.pdf
